{
  "i": 1,
  "la": 36.459183,
  "lo": 10.804052,
  "w": 0
}
